Images,Dataid,Title,Price,Brand,Size,Link,Likes,MarketStatus,SearchDate,Page,SearchCount,LastCheck,Downloaded
[],5773560951,Mocassins,11.2,No brand,"39, €10.00, €11.20 include la Protezione acquisti",https://www.vinted.it/items/5773560951-mocassins?referrer=catalog,0,On Sale,06/02/2025 16:23:46,1,1,,
[],5773557660,Baskets neufs. 37,13.3,sans marque,"37, €12.00, €13.30 include la Protezione acquisti",https://www.vinted.it/items/5773557660-baskets-neufs-37?referrer=catalog,0,On Sale,06/02/2025 16:23:46,1,1,,
[],5773545015,Boots cuir,23.8,jolana & fenena,"39, €22.00, €23.80 include la Protezione acquisti",https://www.vinted.it/items/5773545015-boots-cuir?referrer=catalog,0,On Sale,06/02/2025 16:23:46,1,1,,
[],5773450694,Botas pull and bear,11.2,Pull & Bear,"37, €10.00, €11.20 include la Protezione acquisti",https://www.vinted.it/items/5773450694-botas-pull-and-bear?referrer=catalog,0,On Sale,06/02/2025 16:25:27,4,0,,
[],5773448268,Bottines en daim,11.2,Daim,"39, €10.00, €11.20 include la Protezione acquisti",https://www.vinted.it/items/5773448268-bottines-en-daim?referrer=catalog,0,On Sale,06/02/2025 16:25:27,5,0,,
[],5773446667,Campus adidas,37.45,Campus,"37.5, €35.00, €37.45 include la Protezione acquisti",https://www.vinted.it/items/5773446667-campus-adidas?referrer=catalog,2,On Sale,06/02/2025 16:25:27,5,0,,
[],5773441019,Adidas gazelle,62.65,adidas,"39, €59.00, €62.65 include la Protezione acquisti",https://www.vinted.it/items/5773441019-adidas-gazelle?referrer=catalog,2,On Sale,06/02/2025 16:25:27,5,0,,
[],5773441669,Mary Jane n40,11.2,Primark,"40, €10.00, €11.20 include la Protezione acquisti",https://www.vinted.it/items/5773441669-mary-jane-n40?referrer=catalog,1,On Sale,06/02/2025 16:25:27,5,0,,
[],5773440557,Baskets noire paillettes,11.2,aucune,"37, €10.00, €11.20 include la Protezione acquisti",https://www.vinted.it/items/5773440557-baskets-noire-paillettes?referrer=catalog,0,On Sale,06/02/2025 16:25:27,5,0,,
[],5773439666,Schoenen Nike,21.7,Nike,"41, €20.00, €21.70 include la Protezione acquisti",https://www.vinted.it/items/5773439666-schoenen-nike?referrer=catalog,0,On Sale,06/02/2025 16:25:27,5,0,,
[],5773436713,SÉZANE,42.7,Sézane,"38, €40.00, €42.70 include la Protezione acquisti",https://www.vinted.it/items/5773436713-sezane?referrer=catalog,1,On Sale,06/02/2025 16:25:27,5,0,,
[],5773435496,Zapatillas adidas mujer,74.2,adidas,"38, €70.00, €74.20 include la Protezione acquisti",https://www.vinted.it/items/5773435496-zapatillas-adidas-mujer?referrer=catalog,4,On Sale,06/02/2025 16:25:27,5,0,,
[],5773433232,Suède laarsjes van primark,11.2,Primark,"37, €10.00, €11.20 include la Protezione acquisti",https://www.vinted.it/items/5773433232-suede-laarsjes-van-primark?referrer=catalog,0,On Sale,06/02/2025 16:25:27,5,0,,
[],5773426877,Chaussures,51.1,sambaa,"38, €48.00, €51.10 include la Protezione acquisti",https://www.vinted.it/items/5773426877-chaussures?referrer=catalog,0,On Sale,06/02/2025 16:25:27,5,0,,
[],5773387081,Ténis adidas spezial,53.2,adidas,"38, €50.00, €53.20 include la Protezione acquisti",https://www.vinted.it/items/5773387081-tenis-adidas-spezial?referrer=catalog,4,On Sale,06/02/2025 16:25:27,5,0,,
[],5773421197,Mokassins,26.95,Calvin Klein,"38, €25.00, €26.95 include la Protezione acquisti",https://www.vinted.it/items/5773421197-mokassins?referrer=catalog,2,On Sale,06/02/2025 16:25:27,6,0,,
[],5773420198,Basket Puma,14.35,Puma,"38.5, €13.00, €14.35 include la Protezione acquisti",https://www.vinted.it/items/5773420198-basket-puma?referrer=catalog,1,On Sale,06/02/2025 16:25:27,6,0,,
[],5773418522,Sandalia de tacón,3.33,Shein,"39, €2.50, €3.33 include la Protezione acquisti",https://www.vinted.it/items/5773418522-sandalia-de-tacon?referrer=catalog,1,On Sale,06/02/2025 16:25:27,6,0,,
[],5773399312,New Balance 530,66.85,New Balance,"42, €63.00, €66.85 include la Protezione acquisti",https://www.vinted.it/items/5773399312-new-balance-530?referrer=catalog,1,On Sale,06/02/2025 16:25:27,6,0,,
[],5773395403,Birkenstock Sandalen,42.7,Birkenstock,"38, €40.00, €42.70 include la Protezione acquisti",https://www.vinted.it/items/5773395403-birkenstock-sandalen?referrer=catalog,0,On Sale,06/02/2025 16:25:27,6,0,,
[],5773410957,Scarpine color panna con fregio argento/oro satinato,9.63,Li Ascend,"38, €8.50, €9.63 include la Protezione acquisti",https://www.vinted.it/items/5773410957-scarpine-color-panna-con-fregio-argentooro-satinato?referrer=catalog,1,On Sale,06/02/2025 16:25:27,6,0,,
[],5773392304,Bottes,2.8,Inconnu,"38, €2.00, €2.80 include la Protezione acquisti",https://www.vinted.it/items/5773392304-bottes?referrer=catalog,0,On Sale,06/02/2025 16:25:27,6,0,,
[],5773399872,Puma T39,31.15,Puma,"39, €29.00, €31.15 include la Protezione acquisti",https://www.vinted.it/items/5773399872-puma-t39?referrer=catalog,2,On Sale,06/02/2025 16:25:27,6,0,,
[],5773398944,Laarzen met hak,5.43,merkloos,"37, €4.50, €5.43 include la Protezione acquisti",https://www.vinted.it/items/5773398944-laarzen-met-hak?referrer=catalog,0,On Sale,06/02/2025 16:25:27,6,0,,
[],5773394194,Leather Loafers,83.65,Sonstiges,"38, €79.00, €83.65 include la Protezione acquisti",https://www.vinted.it/items/5773394194-leather-loafers?referrer=catalog,1,On Sale,06/02/2025 16:25:27,7,0,,
[],5773393387,Scarpe da ginnastica ARKK,21.7,Arkk,"41, €20.00, €21.70 include la Protezione acquisti",https://www.vinted.it/items/5773393387-scarpe-da-ginnastica-arkk?referrer=catalog,0,On Sale,06/02/2025 16:25:27,7,0,,
[],5773390507,Chaussures hiver Camper 39,42.7,Camper,"39, €40.00, €42.70 include la Protezione acquisti",https://www.vinted.it/items/5773390507-chaussures-hiver-camper-39?referrer=catalog,3,On Sale,06/02/2025 16:25:27,7,0,,
[],5773380895,Moschino Bow Moccasins Blue Navy And Red,16.45,Moschino,"37, €15.00, €16.45 include la Protezione acquisti",https://www.vinted.it/items/5773380895-moschino-bow-moccasins-blue-navy-and-red?referrer=catalog,3,On Sale,06/02/2025 16:25:27,7,0,,
[],5773380067,Sandalia tacón,5.95,Shein,"38, €5.00, €5.95 include la Protezione acquisti",https://www.vinted.it/items/5773380067-sandalia-tacon?referrer=catalog,0,On Sale,06/02/2025 16:25:27,7,0,,
[],5773352502,Bota ugg sin estrenar,68.95,UGG,"40, €65.00, €68.95 include la Protezione acquisti",https://www.vinted.it/items/5773352502-bota-ugg-sin-estrenar?referrer=catalog,4,On Sale,06/02/2025 16:25:27,7,0,,
[],5773377525,Zapatillas samba adidas completamente nuevas,63.7,Samba,"40, €60.00, €63.70 include la Protezione acquisti",https://www.vinted.it/items/5773377525-zapatillas-samba-adidas-completamente-nuevas?referrer=catalog,1,On Sale,06/02/2025 16:25:27,7,0,,
[],5773370814,Ciabatte di pelo con cinturino dietro n. 38/39,5.43,Primark,"38, €4.50, €5.43 include la Protezione acquisti",https://www.vinted.it/items/5773370814-ciabatte-di-pelo-con-cinturino-dietro-n-3839?referrer=catalog,0,On Sale,06/02/2025 16:25:27,8,0,,
[],5773363791,Stivaletti donna,7.0,Stivali,"36, €6.00, €7.00 include la Protezione acquisti",https://www.vinted.it/items/5773363791-stivaletti-donna?referrer=catalog,2,On Sale,06/02/2025 16:25:27,8,0,,
[],5773362131,vans special edition,21.7,Vans,"42, €20.00, €21.70 include la Protezione acquisti",https://www.vinted.it/items/5773362131-vans-special-edition?referrer=catalog,1,On Sale,06/02/2025 16:25:27,8,0,,
[],5773361159,NEP uggs plateau zool,11.2,Esmara,"39, €10.00, €11.20 include la Protezione acquisti",https://www.vinted.it/items/5773361159-nep-uggs-plateau-zool?referrer=catalog,1,On Sale,06/02/2025 16:25:27,8,0,,
[],5773357345,Paccho riservato per altraverse93,105.7,Queen of Darkness,"39, €100.00, €105.70 include la Protezione acquisti",https://www.vinted.it/items/5773357345-paccho-riservato-per-altraverse93?referrer=catalog,0,On Sale,06/02/2025 16:25:27,8,0,,
[],5773355644,DWRS laarsjes,20.13,DW\\RS,"39, €18.50, €20.13 include la Protezione acquisti",https://www.vinted.it/items/5773355644-dwrs-laarsjes?referrer=catalog,2,On Sale,06/02/2025 16:25:27,8,0,,
[],5773352584,Zuecos madera,11.2,Kids El Corte Inglés,"38, €10.00, €11.20 include la Protezione acquisti",https://www.vinted.it/items/5773352584-zuecos-madera?referrer=catalog,1,On Sale,06/02/2025 16:25:27,8,0,,
[],5773334964,Deportivas NB,58.45,New Balance,"38, €55.00, €58.45 include la Protezione acquisti",https://www.vinted.it/items/5773334964-deportivas-nb?referrer=catalog,0,On Sale,06/02/2025 16:25:27,8,0,,
[],5773568787,Bottega Veneta Kniehohe Stiefel aus Leder,314.65,Bottega Veneta,"36, €299.00, €314.65 include la Protezione acquisti",https://www.vinted.it/items/5773568787-bottega-veneta-kniehohe-stiefel-aus-leder?referrer=catalog,0,On Sale,06/02/2025 16:23:46,1,1,,
[],5773566220,Bottines camel talon 8 cm,32.2,Alpe,"40, €30.00, €32.20 include la Protezione acquisti",https://www.vinted.it/items/5773566220-bottines-camel-talon-8-cm?referrer=catalog,0,On Sale,06/02/2025 16:23:46,1,1,,
[],5773663482,Stivali Versace Vitello Abrasivato,251.65,Versace,40.5,https://www.vinted.it/items/5773663482-stivali-versace-vitello-abrasivato?referrer=catalog,0,On Sale,06/02/2025 16:41:48,1,3,,
[],5773662708,Chaussures basket femme,5.95,No brand,41,https://www.vinted.it/items/5773662708-chaussures-basket-femme?referrer=catalog,0,On Sale,06/02/2025 16:41:48,1,3,,
[],5773662542,Bottines taille 40,5.95,No brand,40,https://www.vinted.it/items/5773662542-bottines-taille-40?referrer=catalog,0,On Sale,06/02/2025 16:41:48,1,3,,
[],5773660332,Botines mujer In extenso.,6.48,In Extenso,37,https://www.vinted.it/items/5773660332-botines-mujer-in-extenso?referrer=catalog,0,On Sale,06/02/2025 16:41:48,1,3,,
[],5773549955,Adidas basket,63.7,adidas,"39, €60.00, €63.70 include la Protezione acquisti",https://www.vinted.it/items/5773549955-adidas-basket?referrer=catalog,0,On Sale,06/02/2025 16:25:27,1,0,,
[],5773545140,Converse All Star Chuck Taylor - 24,16.45,Converse,"38, €15.00, €16.45 include la Protezione acquisti",https://www.vinted.it/items/5773545140-converse-all-star-chuck-taylor-245cm?referrer=catalog,0,On Sale,06/02/2025 16:25:27,1,0,,
[],5773509572,New Balance unisex 530,63.7,New Balance,"42, €60.00, €63.70 include la Protezione acquisti",https://www.vinted.it/items/5773509572-new-balance-unisex-530?referrer=catalog,0,On Sale,06/02/2025 16:25:27,1,0,,
[],5773536733,Ballerine San Marina,26.95,San Marina,"40, €25.00, €26.95 include la Protezione acquisti",https://www.vinted.it/items/5773536733-ballerine-san-marina?referrer=catalog,0,On Sale,06/02/2025 16:25:27,1,0,,
[],5773535038,Mocassins femme,13.3,G Flex,"40, €12.00, €13.30 include la Protezione acquisti",https://www.vinted.it/items/5773535038-mocassins-femme?referrer=catalog,0,On Sale,06/02/2025 16:25:27,1,0,,
[],5773533683,Zapatillas doradas,26.95,Michael Kors,"40, €25.00, €26.95 include la Protezione acquisti",https://www.vinted.it/items/5773533683-zapatillas-doradas?referrer=catalog,1,On Sale,06/02/2025 16:25:27,1,0,,
[],5773530942,Adidas Wales Bonner,53.2,Wales Bonner,"38, €50.00, €53.20 include la Protezione acquisti",https://www.vinted.it/items/5773530942-adidas-wales-bonner?referrer=catalog,2,On Sale,06/02/2025 16:25:27,1,0,,
[],5773522044,Scarpa apepazza,53.2,Apepazza,"37, €50.00, €53.20 include la Protezione acquisti",https://www.vinted.it/items/5773522044-scarpa-apepazza?referrer=catalog,0,On Sale,06/02/2025 16:25:27,2,0,,
[],5773520315,Dr. Martens Adrian loafers mt 38,95.2,Dr. Martens,"38, €90.00, €95.20 include la Protezione acquisti",https://www.vinted.it/items/5773520315-dr-martens-adrian-loafers-mt-38?referrer=catalog,0,On Sale,06/02/2025 16:25:27,2,0,,
[],5773519774,Bambas mujer no name,30.1,Name,"38, €28.00, €30.10 include la Protezione acquisti",https://www.vinted.it/items/5773519774-bambas-mujer-no-name?referrer=catalog,2,On Sale,06/02/2025 16:25:27,2,0,,
[],5773516752,Sandales marron femme,23.8,babunkers,"40, €22.00, €23.80 include la Protezione acquisti",https://www.vinted.it/items/5773516752-sandales-marron-femme?referrer=catalog,0,On Sale,06/02/2025 16:25:27,2,0,,
[],5773512386,Cuissardes en cuir xxl made in France jean gaborit neuf prix neuf 890,104.65,jean gaborit,"38, €99.00, €104.65 include la Protezione acquisti",https://www.vinted.it/items/5773512386-cuissardes-en-cuir-xxl-made-in-france-jean-gaborit-neuf-prix-neuf-890?referrer=catalog,1,On Sale,06/02/2025 16:25:27,2,0,,
[],5773465433,Adidas sneakers,32.2,adidas,"39.5, €30.00, €32.20 include la Protezione acquisti",https://www.vinted.it/items/5773465433-adidas-sneakers?referrer=catalog,1,On Sale,06/02/2025 16:25:27,2,0,,
[],5773502475,Zara shoes,5.95,Zara,"36, €5.00, €5.95 include la Protezione acquisti",https://www.vinted.it/items/5773502475-zara-shoes?referrer=catalog,2,On Sale,06/02/2025 16:25:27,2,0,,
[],5773501795,Love Moschino Snow Boots,42.7,Love Moschino,"38, €40.00, €42.70 include la Protezione acquisti",https://www.vinted.it/items/5773501795-love-moschino-snow-boots?referrer=catalog,0,On Sale,06/02/2025 16:25:27,2,0,,
[],5773499383,Zapatillas  running,47.95,De,"40, €45.00, €47.95 include la Protezione acquisti",https://www.vinted.it/items/5773499383-zapatillas-running?referrer=catalog,0,On Sale,06/02/2025 16:25:27,2,0,,
[],5773477984,Botas ugg,68.95,UGG,"37, €65.00, €68.95 include la Protezione acquisti",https://www.vinted.it/items/5773477984-botas-ugg?referrer=catalog,1,On Sale,06/02/2025 16:25:27,3,0,,
[],5773485866,Tennis original,14.35,Nike,"35.5, €13.00, €14.35 include la Protezione acquisti",https://www.vinted.it/items/5773485866-tennis-original?referrer=catalog,0,On Sale,06/02/2025 16:25:27,3,0,,
[],5773482748,babies mary jane dr martens taille 40,105.7,Dr. Martens,"40, €100.00, €105.70 include la Protezione acquisti",https://www.vinted.it/items/5773482748-babies-mary-jane-dr-martens-taille-40?referrer=catalog,1,On Sale,06/02/2025 16:25:27,3,0,,
[],5773481604,Ugg High Winterboots,32.2,Sonstiges,"40, €30.00, €32.20 include la Protezione acquisti",https://www.vinted.it/items/5773481604-ugg-high-winterboots?referrer=catalog,0,On Sale,06/02/2025 16:25:27,3,0,,
[],5773480244,Nuevas bailarinas de Pretty Ballerinas,37.45,Pretty Ballerinas,"40, €35.00, €37.45 include la Protezione acquisti",https://www.vinted.it/items/5773480244-nuevas-bailarinas-de-pretty-ballerinas?referrer=catalog,1,On Sale,06/02/2025 16:25:27,3,0,,
[],5773464123,tacchi neri lucidi,7.0,Shein,"38, €6.00, €7.00 include la Protezione acquisti",https://www.vinted.it/items/5773464123-tacchi-neri-lucidi?referrer=catalog,0,On Sale,06/02/2025 16:25:27,4,0,,
[],5773460833,Unisa hoge laars zwart mt 39,21.7,Unisa,"39, €20.00, €21.70 include la Protezione acquisti",https://www.vinted.it/items/5773460833-unisa-hoge-laars-zwart-mt-39?referrer=catalog,2,On Sale,06/02/2025 16:25:27,4,0,,
[],5773458943,Scarpe leggere morbide,5.95,Livergy,"42, €5.00, €5.95 include la Protezione acquisti",https://www.vinted.it/items/5773458943-scarpe-leggere-morbide?referrer=catalog,0,On Sale,06/02/2025 16:25:27,4,0,,
[],5773458598,Scarpe Guess,16.45,GUESS,"36, €15.00, €16.45 include la Protezione acquisti",https://www.vinted.it/items/5773458598-scarpe-guess?referrer=catalog,2,On Sale,06/02/2025 16:25:27,4,0,,
[],5773457771,Chaussure montagne marche Taille 39,32.2,Kimberfeel,"39, €30.00, €32.20 include la Protezione acquisti",https://www.vinted.it/items/5773457771-chaussure-montagne-marche-taille-39?referrer=catalog,0,On Sale,06/02/2025 16:25:27,4,0,,
[],5773456345,Nike’s met sleehak,13.3,Nike,"41, €12.00, €13.30 include la Protezione acquisti",https://www.vinted.it/items/5773456345-nikes-met-sleehak?referrer=catalog,0,On Sale,06/02/2025 16:25:27,4,0,,
[],5773454223,Stivaletti,11.2,No brand,"38, €10.00, €11.20 include la Protezione acquisti",https://www.vinted.it/items/5773454223-stivaletti?referrer=catalog,0,On Sale,06/02/2025 16:25:27,4,0,,
[],5773453667,Slippers Essentiel Antwerp,42.7,Essentiel Antwerp,"41, €40.00, €42.70 include la Protezione acquisti",https://www.vinted.it/items/5773453667-slippers-essentiel-antwerp?referrer=catalog,3,On Sale,06/02/2025 16:25:27,4,0,,
[],5773520315,Dr. Martens Adrian loafers mt 38,95.2,Dr. Martens,38,https://www.vinted.it/items/5773520315-dr-martens-adrian-loafers-mt-38?referrer=catalog,1,On Sale,06/02/2025 16:43:29,5,0,,
[],5773522044,Scarpa apepazza,53.2,Apepazza,37,https://www.vinted.it/items/5773522044-scarpa-apepazza?referrer=catalog,1,On Sale,06/02/2025 16:43:29,5,0,,
[],5773519774,Bambas mujer no name,30.1,Name,38,https://www.vinted.it/items/5773519774-bambas-mujer-no-name?referrer=catalog,2,On Sale,06/02/2025 16:43:29,5,0,,
[],5773516752,Sandales marron femme,23.8,babunkers,40,https://www.vinted.it/items/5773516752-sandales-marron-femme?referrer=catalog,0,On Sale,06/02/2025 16:43:29,5,0,,
[],5773512386,Cuissardes en cuir xxl made in France jean gaborit neuf prix neuf 890,104.65,jean gaborit,38,https://www.vinted.it/items/5773512386-cuissardes-en-cuir-xxl-made-in-france-jean-gaborit-neuf-prix-neuf-890?referrer=catalog,1,On Sale,06/02/2025 16:43:29,5,0,,
[],5773465433,Adidas sneakers,32.2,adidas,39.5,https://www.vinted.it/items/5773465433-adidas-sneakers?referrer=catalog,3,On Sale,06/02/2025 16:43:29,6,0,,
[],5773501795,Love Moschino Snow Boots,42.7,Love Moschino,38,https://www.vinted.it/items/5773501795-love-moschino-snow-boots?referrer=catalog,0,On Sale,06/02/2025 16:43:29,6,0,,
[],5773499383,Zapatillas  running. R.Exactas,42.7,De,40,https://www.vinted.it/items/5773499383-zapatillas-running-rexactas?referrer=catalog,0,On Sale,06/02/2025 16:43:29,6,0,,
[],5773496145,nike p6000 blanche,95.2,Nike,39,https://www.vinted.it/items/5773496145-nike-p6000-blanche?referrer=catalog,2,On Sale,06/02/2025 16:43:29,6,0,,
[],5773477984,Botas ugg,68.95,UGG,37,https://www.vinted.it/items/5773477984-botas-ugg?referrer=catalog,1,On Sale,06/02/2025 16:43:29,6,0,,
[],5773485866,Tennis original,14.35,Nike,35.5,https://www.vinted.it/items/5773485866-tennis-original?referrer=catalog,0,On Sale,06/02/2025 16:43:29,6,0,,
[],5773482748,babies mary jane dr martens taille 40,105.7,Dr. Martens,40,https://www.vinted.it/items/5773482748-babies-mary-jane-dr-martens-taille-40?referrer=catalog,1,On Sale,06/02/2025 16:43:29,6,0,,
[],5773481604,Ugg High Winterboots,32.2,Sonstiges,40,https://www.vinted.it/items/5773481604-ugg-high-winterboots?referrer=catalog,0,On Sale,06/02/2025 16:43:29,7,0,,
[],5773480244,Nuevas bailarinas de Pretty Ballerinas,37.45,Pretty Ballerinas,40,https://www.vinted.it/items/5773480244-nuevas-bailarinas-de-pretty-ballerinas?referrer=catalog,1,On Sale,06/02/2025 16:43:29,7,0,,
[],5773464123,tacchi neri lucidi,7.0,Shein,38,https://www.vinted.it/items/5773464123-tacchi-neri-lucidi?referrer=catalog,0,On Sale,06/02/2025 16:43:29,7,0,,
[],5773460833,Unisa hoge laars zwart mt 39,21.7,Unisa,39,https://www.vinted.it/items/5773460833-unisa-hoge-laars-zwart-mt-39?referrer=catalog,2,On Sale,06/02/2025 16:43:29,7,0,,
[],5773458943,Scarpe leggere morbide,5.95,Livergy,42,https://www.vinted.it/items/5773458943-scarpe-leggere-morbide?referrer=catalog,0,On Sale,06/02/2025 16:43:29,7,0,,
[],5773458598,Scarpe Guess,16.45,GUESS,36,https://www.vinted.it/items/5773458598-scarpe-guess?referrer=catalog,6,On Sale,06/02/2025 16:43:29,7,0,,
[],5773457771,Chaussure montagne marche Taille 39,32.2,Kimberfeel,39,https://www.vinted.it/items/5773457771-chaussure-montagne-marche-taille-39?referrer=catalog,0,On Sale,06/02/2025 16:43:29,7,0,,
[],5773643815,Asics gel lyte III,17.5,Asics,38,https://www.vinted.it/items/5773643815-asics-gel-lyte-iii?referrer=catalog,0,On Sale,06/02/2025 16:43:29,1,1,,
[],5773642851,Laarzen blauw,10.68,Van haren,39,https://www.vinted.it/items/5773642851-laarzen-blauw?referrer=catalog,0,On Sale,06/02/2025 16:43:29,1,1,,
[],5773635038,Zapatos planos nuevos sin caja,15.4,Bluegenex,39,https://www.vinted.it/items/5773635038-zapatos-planos-nuevos-sin-caja?referrer=catalog,0,On Sale,06/02/2025 16:43:29,1,1,,
[],5773653403,Doc Martens,63.7,Dr. Martens,38,https://www.vinted.it/items/5773653403-doc-martens?referrer=catalog,0,On Sale,06/02/2025 16:43:29,1,2,,
[],5773652891,Converse,32.2,Converse,39,https://www.vinted.it/items/5773652891-converse?referrer=catalog,0,On Sale,06/02/2025 16:43:29,1,2,,
[],5773651065,Botines Pull And Bear,7.0,Pull & Bear,40,https://www.vinted.it/items/5773651065-botines-pull-and-bear?referrer=catalog,0,On Sale,06/02/2025 16:43:29,1,2,,
[],5773650752,Zapatillas deportivas  skechers,32.2,Skechers,41,https://www.vinted.it/items/5773650752-zapatillas-deportivas-skechers?referrer=catalog,0,On Sale,06/02/2025 16:43:29,1,2,,
[],5773426877,Chaussures,51.1,sambaa,38,https://www.vinted.it/items/5773426877-chaussures?referrer=catalog,0,On Sale,06/02/2025 16:43:29,10,2,,
[],5773387081,Ténis adidas spezial,53.2,adidas,38,https://www.vinted.it/items/5773387081-tenis-adidas-spezial?referrer=catalog,7,On Sale,06/02/2025 16:43:29,10,2,,
[],5773420198,Basket Puma,14.35,Puma,38.5,https://www.vinted.it/items/5773420198-basket-puma?referrer=catalog,1,On Sale,06/02/2025 16:40:35,10,2,,
[],5773671043,Sandales dorées 37 maje,68.95,Maje,37,https://www.vinted.it/items/5773671043-sandales-dorees-37-maje?referrer=catalog,0,On Sale,06/02/2025 16:41:48,1,3,,
[],5773629176,Tacones rojos sin estrenar,5.95,Graceland,40,https://www.vinted.it/items/5773629176-tacones-rojos-sin-estrenar?referrer=catalog,0,On Sale,06/02/2025 16:43:29,1,0,,
[],5773628517,Repetto ballerines camel neuves. Taille 38,47.95,Repetto,38,https://www.vinted.it/items/5773628517-repetto-ballerines-camel-neuves-taille-38?referrer=catalog,0,On Sale,06/02/2025 16:43:29,1,0,,
[],5773627935,Scarpe,11.2,Shein,44,https://www.vinted.it/items/5773627935-scarpe?referrer=catalog,0,On Sale,06/02/2025 16:43:29,1,0,,
[],5773626568,Botte neige,11.2,Weatherproof,39,https://www.vinted.it/items/5773626568-botte-neige?referrer=catalog,0,On Sale,06/02/2025 16:43:29,1,0,,
[],5773620793,Bottines cuir daim beige Mango 38,26.95,Mango,38,https://www.vinted.it/items/5773620793-bottines-cuir-daim-beige-mango-38?referrer=catalog,0,On Sale,06/02/2025 16:43:29,1,0,,
[],5773619990,Dr. martens schoenen 1B89 maat 38,104.65,Dr. Martens,38,https://www.vinted.it/items/5773619990-dr-martens-schoenen-1b89-maat-38?referrer=catalog,0,On Sale,06/02/2025 16:43:29,1,0,,
[],5773615341,Chaussons,4.9,No brand,38,https://www.vinted.it/items/5773615341-chaussons?referrer=catalog,0,On Sale,06/02/2025 16:43:29,1,0,,
[],5773617549,Zapatillas Sport mujer floreado,5.95,No brand,37,https://www.vinted.it/items/5773617549-zapatillas-sport-mujer-floreado?referrer=catalog,0,On Sale,06/02/2025 16:43:29,1,0,,
[],5773613940,Sandales Zara,16.45,Zara,39,https://www.vinted.it/items/5773613940-sandales-zara?referrer=catalog,0,On Sale,06/02/2025 16:43:29,1,0,,
[],5773616793,Sandales doré André,11.2,André,39,https://www.vinted.it/items/5773616793-sandales-dore-andre?referrer=catalog,2,Sold,06/02/2025 16:38:21,1,0,,
[],5773597883,Sandales plate-forme noir,8.05,No brand,38,https://www.vinted.it/items/5773597883-sandales-plate-forme-noir?referrer=catalog,1,On Sale,06/02/2025 16:43:29,2,0,,
[],5773609784,Adidas Galleze BOLD,74.2,adidas,39,https://www.vinted.it/items/5773609784-adidas-galleze-bold?referrer=catalog,0,On Sale,06/02/2025 16:43:29,2,0,,
[],5773591768,Decolte' nero,9.1,Ciaodea,37,https://www.vinted.it/items/5773591768-decolte-nero?referrer=catalog,0,On Sale,06/02/2025 16:43:29,2,0,,
[],5773609441,Boots,5.95,Quechua,38,https://www.vinted.it/items/5773609441-boots?referrer=catalog,0,On Sale,06/02/2025 16:43:29,2,0,,
[],5773607123,Adidas wales bonner,74.2,adidas,39,https://www.vinted.it/items/5773607123-adidas-wales-bonner?referrer=catalog,0,On Sale,06/02/2025 16:43:29,2,0,,
[],5773589218,Zapatillas New Balance RC30,45.33,New Balance,41,https://www.vinted.it/items/5773589218-zapatillas-new-balance-rc30?referrer=catalog,2,On Sale,06/02/2025 16:43:29,2,0,,
[],5773590859,Botas,37.45,Local,37,https://www.vinted.it/items/5773590859-botas?referrer=catalog,0,On Sale,06/02/2025 16:43:29,2,0,,
[],5773587430,Converse All star,21.7,Converse,44,https://www.vinted.it/items/5773587430-converse-all-star?referrer=catalog,0,On Sale,06/02/2025 16:43:29,2,0,,
[],5773585182,Zara black sandals,11.2,Zara,41,https://www.vinted.it/items/5773585182-zara-black-sandals?referrer=catalog,1,On Sale,06/02/2025 16:43:29,2,0,,
[],5773584904,Chaussures de sécurité femme,16.45,Lemaitre,38,https://www.vinted.it/items/5773584904-chaussures-de-securite-femme?referrer=catalog,0,On Sale,06/02/2025 16:43:29,2,0,,
[],5773577490,Bottines à talons,9.1,Shein,37,https://www.vinted.it/items/5773577490-bottines-a-talons?referrer=catalog,0,On Sale,06/02/2025 16:43:29,3,0,,
[],5773573827,Sapatos de salto alto Zara tamanho 39,16.45,Zara,39,https://www.vinted.it/items/5773573827-sapatos-de-salto-alto-zara-tamanho-39?referrer=catalog,1,On Sale,06/02/2025 16:43:29,3,0,,
[],5773568787,Bottega Veneta Kniehohe Stiefel aus Leder,314.65,Bottega Veneta,36,https://www.vinted.it/items/5773568787-bottega-veneta-kniehohe-stiefel-aus-leder?referrer=catalog,1,On Sale,06/02/2025 16:43:29,3,0,,
[],5773566220,Bottines camel talon 8 cm,32.2,Alpe,40,https://www.vinted.it/items/5773566220-bottines-camel-talon-8-cm?referrer=catalog,3,On Sale,06/02/2025 16:43:29,3,0,,
[],5773560951,Mocassins,11.2,No brand,39,https://www.vinted.it/items/5773560951-mocassins?referrer=catalog,0,On Sale,06/02/2025 16:43:29,3,0,,
[],5773557660,Baskets neufs. 37,13.3,sans marque,37,https://www.vinted.it/items/5773557660-baskets-neufs-37?referrer=catalog,0,On Sale,06/02/2025 16:43:29,4,0,,
[],5773549955,Adidas basket,63.7,adidas,39,https://www.vinted.it/items/5773549955-adidas-basket?referrer=catalog,0,On Sale,06/02/2025 16:43:29,4,0,,
[],5773509572,New Balance unisex 530,63.7,New Balance,42,https://www.vinted.it/items/5773509572-new-balance-unisex-530?referrer=catalog,0,On Sale,06/02/2025 16:43:29,4,0,,
[],5773536733,Ballerine San Marina,26.95,San Marina,40,https://www.vinted.it/items/5773536733-ballerine-san-marina?referrer=catalog,0,On Sale,06/02/2025 16:43:29,4,0,,
[],5773535038,Mocassins femme,13.3,G Flex,40,https://www.vinted.it/items/5773535038-mocassins-femme?referrer=catalog,0,On Sale,06/02/2025 16:43:29,4,0,,
[],5773533683,Zapatillas doradas,26.95,Michael Kors,40,https://www.vinted.it/items/5773533683-zapatillas-doradas?referrer=catalog,3,On Sale,06/02/2025 16:43:29,5,0,,
[],5773530942,Adidas Wales Bonner,53.2,Wales Bonner,38,https://www.vinted.it/items/5773530942-adidas-wales-bonner?referrer=catalog,6,On Sale,06/02/2025 16:43:29,5,0,,
[],5773824976,Neuf dachstein super ferrrata mc gtx taille 37.5,73.15,Dachstein,37.5,https://www.vinted.it/items/5773824976-neuf-dachstein-super-ferrrata-mc-gtx-taille-375?referrer=catalog,0,On Sale,06/02/2025 17:20:11,1,3,,
[],5773824136,Samba verdes,53.2,Samba,39.5,https://www.vinted.it/items/5773824136-samba-verdes?referrer=catalog,0,On Sale,06/02/2025 17:20:11,1,3,,
[],5773822838,Petite paire de chaussure blanche,16.45,Bonprix,39,https://www.vinted.it/items/5773822838-petite-paire-de-chaussure-blanche?referrer=catalog,0,On Sale,06/02/2025 17:16:42,1,3,,
[],5773818830,Stivaletti Steve Madden,21.7,Steve Madden,37,https://www.vinted.it/items/5773818830-stivaletti-steve-madden?referrer=catalog,0,On Sale,06/02/2025 17:20:11,1,3,,
[],5773815111,nike hardloopschoenen,11.2,Nike,38.5,https://www.vinted.it/items/5773815111-nike-hardloopschoenen?referrer=catalog,0,Sold,06/02/2025 17:08:57,1,3,,
[],5773811063,Chaussures femme mocassin neuves taille 39,4.9,novaflex,39,https://www.vinted.it/items/5773811063-chaussures-femme-mocassin-neuves-taille-39?referrer=catalog,0,On Sale,06/02/2025 17:20:11,1,3,,
[],5773811100,Chaussures femme DAMART taille 40,2.8,Damart,40,https://www.vinted.it/items/5773811100-chaussures-femme-damart-taille-40?referrer=catalog,0,On Sale,06/02/2025 17:20:11,1,3,,
[],5773688887,Sandales H&M,5.95,H&M,40,https://www.vinted.it/items/5773688887-sandales-hm?referrer=catalog,0,On Sale,06/02/2025 17:20:11,7,3,,
[],5773589218,Zapatillas New Balance RC30,45.33,New Balance,41,https://www.vinted.it/items/5773589218-zapatillas-new-balance-rc30?referrer=catalog,2,Sold,06/02/2025 17:10:32,10,3,,
[],5773842459,Sabots fourres Crocs neufs T36/37,16.45,Crocs,36,https://www.vinted.it/items/5773842459-sabots-fourres-crocs-neufs-t3637?referrer=catalog,0,On Sale,06/02/2025 17:20:11,1,4,,
[],5773841532,Stivaletti invernali donna,21.7,Made In Italy,40,https://www.vinted.it/items/5773841532-stivaletti-invernali-donna?referrer=catalog,0,On Sale,06/02/2025 17:20:11,1,4,,
[],5773836881,Tacones negros,2.8,Shein,38,https://www.vinted.it/items/5773836881-tacones-negros?referrer=catalog,0,On Sale,06/02/2025 17:20:11,1,4,,
[],5773834605,Adidas,79.45,adidas,39,https://www.vinted.it/items/5773834605-adidas?referrer=catalog,0,On Sale,06/02/2025 17:20:11,1,4,,
[],5773811900,New balance 9060 beige,116.2,New Balance,38.5,https://www.vinted.it/items/5773811900-new-balance-9060-beige?referrer=catalog,0,On Sale,06/02/2025 17:20:11,1,4,,
[],5773832241,Botín tipo militar negro con adorno,14.35,No brand,39,https://www.vinted.it/items/5773832241-botin-tipo-militar-negro-con-adorno?referrer=catalog,0,On Sale,06/02/2025 17:20:11,1,4,,
[],5773628517,Repetto ballerines camel neuves. Taille 38,47.95,Repetto,38,https://www.vinted.it/items/5773628517-repetto-ballerines-camel-neuves-taille-38?referrer=catalog,2,Sold,06/02/2025 17:12:43,10,4,,
[],5773627935,Scarpe,11.2,Shein,44,https://www.vinted.it/items/5773627935-scarpe?referrer=catalog,0,Sold,06/02/2025 17:12:43,10,4,,
[],5773626568,Botte neige,11.2,Decathlon,39,https://www.vinted.it/items/5773626568-botte-neige?referrer=catalog,3,Sold,06/02/2025 17:12:43,10,4,,
[],5773620793,Bottines cuir daim beige Mango 38,26.95,Mango,38,https://www.vinted.it/items/5773620793-bottines-cuir-daim-beige-mango-38?referrer=catalog,0,Sold,06/02/2025 17:12:43,10,4,,
[],5773619990,Dr. martens schoenen 1B89 maat 38,104.65,Dr. Martens,38,https://www.vinted.it/items/5773619990-dr-martens-schoenen-1b89-maat-38?referrer=catalog,3,Sold,06/02/2025 17:12:43,10,4,,
[],5773615341,Chaussons,4.9,No brand,38,https://www.vinted.it/items/5773615341-chaussons?referrer=catalog,0,Sold,06/02/2025 17:12:43,10,4,,
[],5773865099,Boots vertes nubuck,13.3,No brand,38,https://www.vinted.it/items/5773865099-boots-vertes-nubuck?referrer=catalog,0,On Sale,06/02/2025 17:20:11,1,5,,
[],5773858419,Only Maker / Onlymaker wijnrode lakleren pumps Maat 46,31.15,Onlymaker,46,https://www.vinted.it/items/5773858419-only-maker-onlymaker-wijnrode-lakleren-pumps-maat-46?referrer=catalog,0,On Sale,06/02/2025 17:20:11,1,5,,
[],5773814223,Botas UGG,58.45,UGG,39,https://www.vinted.it/items/5773814223-botas-ugg?referrer=catalog,0,On Sale,06/02/2025 17:20:11,1,5,,
[],5773855649,Slippers,21.7,Gabor,39,https://www.vinted.it/items/5773855649-slippers?referrer=catalog,0,On Sale,06/02/2025 17:20:11,1,5,,
[],5773851575,Mocassins daim,3.85,Primark,39,https://www.vinted.it/items/5773851575-mocassins-daim?referrer=catalog,0,On Sale,06/02/2025 17:20:11,1,5,,
[],5773848110,Chaussons neufs - Isotoner - Pointure 38,11.2,Isotoner,38,https://www.vinted.it/items/5773848110-chaussons-neufs-isotoner-pointure-38?referrer=catalog,0,On Sale,06/02/2025 17:20:11,1,5,,
[],5773651065,Botines Pull And Bear,7.0,Pull & Bear,40,https://www.vinted.it/items/5773651065-botines-pull-and-bear?referrer=catalog,1,On Sale,06/02/2025 17:16:41,10,5,,
[],5773650752,Zapatillas deportivas  skechers,32.2,Skechers,41,https://www.vinted.it/items/5773650752-zapatillas-deportivas-skechers?referrer=catalog,4,On Sale,06/02/2025 17:16:41,10,5,,
[],5773887328,Bottines bordeaux,5.95,JustFab,41,https://www.vinted.it/items/5773887328-bottines-bordeaux?referrer=catalog,0,On Sale,06/02/2025 17:18:35,1,6,,
[],5773872590,Ugg classic mini,42.7,UGG,40,https://www.vinted.it/items/5773872590-ugg-classic-mini?referrer=catalog,0,On Sale,06/02/2025 17:18:35,1,6,,
[],5773885316,Mocassins geox,16.45,Geox,41,https://www.vinted.it/items/5773885316-mocassins-geox?referrer=catalog,0,On Sale,06/02/2025 17:18:35,1,6,,
[],5773878934,Converse noire,13.3,Converse,37,https://www.vinted.it/items/5773878934-converse-noire?referrer=catalog,1,On Sale,06/02/2025 17:18:35,1,6,,
[],5773876872,Zapato deportivo,7.53,Shein,36,https://www.vinted.it/items/5773876872-zapato-deportivo?referrer=catalog,0,On Sale,06/02/2025 17:18:35,1,6,,
[],5773875044,Mocassino con tacco,16.45,Mai,38,https://www.vinted.it/items/5773875044-mocassino-con-tacco?referrer=catalog,0,On Sale,06/02/2025 17:18:35,1,6,,
[],5773693512,Nieuwe enkellaarsjes met dierenprint Bello Star,5.95,Bello Star,40,https://www.vinted.it/items/5773693512-nieuwe-enkellaarsjes-met-dierenprint-bello-star?referrer=catalog,0,On Sale,06/02/2025 17:20:00,9,6,,
[],5773654873,Sneakers nieuw,26.95,New Balance,39,https://www.vinted.it/items/5773654873-sneakers-nieuw?referrer=catalog,25,On Sale,06/02/2025 17:20:11,10,6,,
[],5773675160,Acg Mountain Fly 2 Low,83.65,Nike ACG,38.5,https://www.vinted.it/items/5773675160-acg-mountain-fly-2-low?referrer=catalog,0,On Sale,06/02/2025 17:20:11,10,6,,
[],5773777785,Botte en cuir,11.2,Bershka,38,https://www.vinted.it/items/5773777785-botte-en-cuir?referrer=catalog,1,On Sale,06/02/2025 17:20:11,1,0,,
[],5773756916,Splinternieuwe sneakers,37.45,Nike,40.5,https://www.vinted.it/items/5773756916-splinternieuwe-sneakers?referrer=catalog,0,On Sale,06/02/2025 17:20:11,1,0,,
[],5773772043,Baskets neuves,7.0,No brand,41,https://www.vinted.it/items/5773772043-baskets-neuves?referrer=catalog,0,On Sale,06/02/2025 17:20:11,1,0,,
[],5773759791,New balance 530,63.7,New Balance,37.5,https://www.vinted.it/items/5773759791-new-balance-530?referrer=catalog,1,On Sale,06/02/2025 17:20:11,1,0,,
[],5773767137,Sandali aisijiao,13.3,aisijiao,39,https://www.vinted.it/items/5773767137-sandali-aisijiao?referrer=catalog,1,On Sale,06/02/2025 17:20:11,1,0,,
[],5773766393,Nike running grösse 38,11.2,Nike,38,https://www.vinted.it/items/5773766393-nike-running-grosse-38?referrer=catalog,0,On Sale,06/02/2025 17:20:11,1,0,,
[],5773568258,New balance 327,73.15,New Balance,40,https://www.vinted.it/items/5773568258-new-balance-327?referrer=catalog,2,On Sale,06/02/2025 17:20:11,2,0,,
[],5773760506,Gummistiefel neu Gr. 40,5.95,Sonstiges,40,https://www.vinted.it/items/5773760506-gummistiefel-neu-gr-40?referrer=catalog,0,On Sale,06/02/2025 17:20:11,2,0,,
[],5773760054,Bottines beige style chaussettes,13.3,Zara,41,https://www.vinted.it/items/5773760054-bottines-beige-style-chaussettes?referrer=catalog,1,On Sale,06/02/2025 17:20:11,2,0,,
[],5773758932,Escarpin Zara neuf vernis,14.35,Zara,40,https://www.vinted.it/items/5773758932-escarpin-zara-neuf-vernis?referrer=catalog,4,On Sale,06/02/2025 17:20:11,2,0,,
[],5773757216,Super mooie espadrilles van Fred de la bretoniere,50.58,Fred de la Bretoniere,39,https://www.vinted.it/items/5773757216-super-mooie-espadrilles-van-fred-de-la-bretoniere?referrer=catalog,0,On Sale,06/02/2025 17:20:11,2,0,,
[],5773746971,Splinternieuwe sneakers,37.45,Nike,40.5,https://www.vinted.it/items/5773746971-splinternieuwe-sneakers?referrer=catalog,0,On Sale,06/02/2025 17:20:11,2,0,,
[],5773563917,Basket new balance,105.7,New Balance,40,https://www.vinted.it/items/5773563917-basket-new-balance?referrer=catalog,1,On Sale,06/02/2025 17:20:11,2,0,,
[],5773753864,Nike Air Max SC wit / rush pink,32.2,Nike,39,https://www.vinted.it/items/5773753864-nike-air-max-sc-wit-rush-pink?referrer=catalog,2,On Sale,06/02/2025 17:20:11,2,0,,
[],5773749331,Schoenen,26.95,Scotch & Soda,38,https://www.vinted.it/items/5773749331-schoenen-scotchsoda-38?referrer=catalog,0,On Sale,06/02/2025 17:20:11,2,0,,
[],5773746500,Tommy Hilfiger Winterstiefel Größe 38,37.45,Tommy Hilfiger,38,https://www.vinted.it/items/5773746500-tommy-hilfiger-winterstiefel-grosse-38?referrer=catalog,0,On Sale,06/02/2025 17:20:11,2,0,,
[],5773743359,Nike shox tl,121.45,Nike,37.5,https://www.vinted.it/items/5773743359-nike-shox-tl?referrer=catalog,0,Sold,06/02/2025 17:10:33,3,0,,
[],5773739340,Nike Dunk rose 38,63.7,Nike,38,https://www.vinted.it/items/5773739340-nike-dunk-rose-38?referrer=catalog,5,On Sale,06/02/2025 17:20:11,3,0,,
[],5773708778,Tenis Nike vestir,13.3,Nike,37.5,https://www.vinted.it/items/5773708778-tenis-nike-vestir?referrer=catalog,1,On Sale,06/02/2025 17:20:11,3,0,,
[],5773730286,Bottines Chelsea noir neuve,21.7,5th Avenue,38,https://www.vinted.it/items/5773730286-bottines-chelsea-noir-neuve?referrer=catalog,2,On Sale,06/02/2025 17:20:11,3,0,,
[],5773729269,Steve Madden sneakers,47.95,Steve Madden,38,https://www.vinted.it/items/5773729269-steve-madden-sneakers?referrer=catalog,0,On Sale,06/02/2025 17:20:11,3,0,,
[],5773724995,Decollté Nere in raso,9.1,Claudia,37,https://www.vinted.it/items/5773724995-decollte-nere-in-raso?referrer=catalog,0,On Sale,06/02/2025 17:20:11,3,0,,
[],5773724685,Sapatilhas,5.95,No brand,36,https://www.vinted.it/items/5773724685-sapatilhas?referrer=catalog,1,On Sale,06/02/2025 17:20:11,3,0,,
[],5773720505,Puma basket édition palermo,37.45,Puma,39,https://www.vinted.it/items/5773720505-puma-basket-edition-palermo?referrer=catalog,2,On Sale,06/02/2025 17:20:11,4,0,,
[],5773720753,Turnschuhe,2.28,Deichmann,37,https://www.vinted.it/items/5773720753-turnschuhe?referrer=catalog,0,On Sale,06/02/2025 17:20:11,4,0,,
[],5773710787,Basket mixte homme femme 38 beige rayée blanc,26.95,Suredelle,38,https://www.vinted.it/items/5773710787-basket-mixte-homme-femme-38-beige-rayee-blanc?referrer=catalog,0,On Sale,06/02/2025 17:20:11,4,0,,
[],5773667420,Scarpe da ginnastica adidas,16.45,adidas,44,https://www.vinted.it/items/5773667420-scarpe-da-ginnastica-adidas?referrer=catalog,0,On Sale,06/02/2025 17:20:11,4,0,,
[],5773710471,Bottine,11.2,pas de marque,36,https://www.vinted.it/items/5773710471-bottine?referrer=catalog,0,On Sale,06/02/2025 17:20:11,4,0,,
[],5773706966,Converse Chuck Taylor All Star Zwart,37.45,Converse,38,https://www.vinted.it/items/5773706966-converse-chuck-taylor-all-star-zwart?referrer=catalog,0,On Sale,06/02/2025 17:20:11,4,0,,
[],5773705510,Crocs,46.11,Crocs,40,https://www.vinted.it/items/5773705510-crocs?referrer=catalog,0,On Sale,06/02/2025 17:20:11,4,0,,
[],5773796568,Bottes cavalière avec cadenas en cuir synthétique noir,32.2,ERYNN,39,https://www.vinted.it/items/5773796568-bottes-cavaliere-avec-cadenas-en-cuir-synthetique-noir?referrer=catalog,0,On Sale,06/02/2025 17:20:11,1,1,,
[],5773794773,Bottes à talons,5.95,sans marque,41,https://www.vinted.it/items/5773794773-bottes-a-talons?referrer=catalog,0,On Sale,06/02/2025 17:20:11,1,1,,
[],5773793960,Be Lenka deportivas de cuero nuevas!,58.45,Be Lenka,41,https://www.vinted.it/items/5773793960-be-lenka-deportivas-de-cuero-nuevas?referrer=catalog,0,On Sale,06/02/2025 17:20:11,1,1,,
[],5773803318,Zapatillas deportivas,26.95,Local,41.5,https://www.vinted.it/items/5773803318-zapatillas-deportivas?referrer=catalog,0,On Sale,06/02/2025 17:20:11,1,2,,
[],5773803389,Zwarte enkellaarsjes met hak van leer.,11.2,H&M,41,https://www.vinted.it/items/5773803389-zwarte-enkellaarsjes-met-hak-van-leer?referrer=catalog,0,On Sale,06/02/2025 17:20:11,1,2,,
[],5773798397,Escarpins Marco noirs pointure 37,11.2,Marco,37,https://www.vinted.it/items/5773798397-escarpins-marco-noirs-pointure-37?referrer=catalog,0,On Sale,06/02/2025 17:20:11,1,2,,
[],5773793580,Adidas Gazelle rose,74.2,adidas,38,https://www.vinted.it/items/5773793580-adidas-gazelle-rose?referrer=catalog,0,On Sale,06/02/2025 17:20:11,1,2,,
[],5773829799,Neuf dachstein super ferrrata mc gtx taille 38,73.15,Dachstein,38,https://www.vinted.it/items/5773829799-neuf-dachstein-super-ferrrata-mc-gtx-taille-38?referrer=catalog,0,On Sale,06/02/2025 17:20:11,1,3,,
[],5773780536,Bottes,16.45,No brand,37,https://www.vinted.it/items/5773780536-bottes?referrer=catalog,0,On Sale,06/02/2025 17:20:11,1,0,,
[],5773785225,Crocs argentées paillettes,32.2,Crocs,37,https://www.vinted.it/items/5773785225-crocs-argentees-paillettes?referrer=catalog,0,On Sale,06/02/2025 17:20:11,1,0,,
[],5773785025,Boots noires NEUVES 40,7.0,ERYNN,40,https://www.vinted.it/items/5773785025-boots-noires-neuves-40?referrer=catalog,0,On Sale,06/02/2025 17:20:11,1,0,,
[],5773786430,Ciabatte con pelo,5.95,United Colors of Benetton,39,https://www.vinted.it/items/5773786430-ciabatte-con-pelo?referrer=catalog,0,On Sale,06/02/2025 17:20:11,1,0,,
[],5773765549,Adidas Spezial Negras y Rosas,58.45,adidas,41,https://www.vinted.it/items/5773765549-adidas-spezial-negras-y-rosas?referrer=catalog,0,On Sale,06/02/2025 17:20:11,1,0,,
[],5773790429,Escarpin san marina taille 35 comme neuf,26.95,San Marina,35,https://www.vinted.it/items/5773790429-escarpin-san-marina-taille-35-comme-neuf?referrer=catalog,0,On Sale,06/02/2025 17:20:11,1,0,,
[],5773721695,New balance 574,32.2,New Balance,39,https://www.vinted.it/items/5773721695-new-balance-574?referrer=catalog,0,On Sale,06/02/2025 17:20:11,1,0,,
